id,firstname,lastname,email,email2,profession
100,Concettina,Vernier,Concettina.Vernier@yopmail.com,Concettina.Vernier@gmail.com,police officer
101,Mahalia,Rese,Mahalia.Rese@yopmail.com,Mahalia.Rese@gmail.com,doctor
102,Eve,Breed,Eve.Breed@yopmail.com,Eve.Breed@gmail.com,firefighter
103,Xylina,Esmaria,Xylina.Esmaria@yopmail.com,Xylina.Esmaria@gmail.com,doctor
104,,Katrine,Charissa.Katrine@yopmail.com,Charissa.Katrine@gmail.com,developer
105,Misha,Crudden,Misha.Crudden@yopmail.com,Misha.Crudden@gmail.com,police officer
106,Adele,,Adele.Middleton@yopmail.com,Adele.Middleton@gmail.com,firefighter
107,Candy,Darrell,Candy.Darrell@yopmail.com,Candy.Darrell@gmail.com,police officer
108,Nariko,Skurnik,Nariko.Skurnik@yopmail.com,Nariko.Skurnik@gmail.com,developer
109,Jessamyn,Tamsky,Jessamyn.Tamsky@yopmail.com,Jessamyn.Tamsky@gmail.com,developer
